Name ;Sequence;concentration;nmolecules;steps;crosslink distance;crosslink prob;mode;preattached fraction;walltime
monoblock-brush-xl-v3;K1 V3 F1 V4 K1 V3 F1 V4 K1 V3 F1 V4 K1 V3 F1 V4 K1 V3 F1 V4 K1 V3 F1 V4 K1 V3 F1 V4 K1 V3 F1 V4 K1 V3 F1 V4 K1 V3 F1 V4 K1 V3 F1 V4 K1 V3 F1 V4 K1 V3 F1 V4 K1 V3 F1 V4 K1 V3 F1 V4 K1 V3 F1 V4;0.015;16;20000000;0.8;0.1;brush;;4:00:00
monoblock-brush-noxl-v3;K1 V3 F1 V4 K1 V3 F1 V4 K1 V3 F1 V4 K1 V3 F1 V4 K1 V3 F1 V4 K1 V3 F1 V4 K1 V3 F1 V4 K1 V3 F1 V4 K1 V3 F1 V4 K1 V3 F1 V4 K1 V3 F1 V4 K1 V3 F1 V4 K1 V3 F1 V4 K1 V3 F1 V4 K1 V3 F1 V4 K1 V3 F1 V4;0.015;16;20000000;;;brush;;4:00:00
monoblock-free-xl-v3;K1 V3 F1 V4 K1 V3 F1 V4 K1 V3 F1 V4 K1 V3 F1 V4 K1 V3 F1 V4 K1 V3 F1 V4 K1 V3 F1 V4 K1 V3 F1 V4 K1 V3 F1 V4 K1 V3 F1 V4 K1 V3 F1 V4 K1 V3 F1 V4 K1 V3 F1 V4 K1 V3 F1 V4 K1 V3 F1 V4 K1 V3 F1 V4;0.015;16;20000000;0.8;0.1;free;;4:00:00
monoblock-free-noxl-v3;K1 V3 F1 V4 K1 V3 F1 V4 K1 V3 F1 V4 K1 V3 F1 V4 K1 V3 F1 V4 K1 V3 F1 V4 K1 V3 F1 V4 K1 V3 F1 V4 K1 V3 F1 V4 K1 V3 F1 V4 K1 V3 F1 V4 K1 V3 F1 V4 K1 V3 F1 V4 K1 V3 F1 V4 K1 V3 F1 V4 K1 V3 F1 V4;0.015;16;20000000;;;free;;4:00:00
monoblock-pre-xl-v3;K1 V3 F1 V4 K1 V3 F1 V4 K1 V3 F1 V4 K1 V3 F1 V4 K1 V3 F1 V4 K1 V3 F1 V4 K1 V3 F1 V4 K1 V3 F1 V4 K1 V3 F1 V4 K1 V3 F1 V4 K1 V3 F1 V4 K1 V3 F1 V4 K1 V3 F1 V4 K1 V3 F1 V4 K1 V3 F1 V4 K1 V3 F1 V4;0.015;16;20000000;0.8;0.1;preattached;0.4;4:00:00
monoblock-pre-noxl-v3;K1 V3 F1 V4 K1 V3 F1 V4 K1 V3 F1 V4 K1 V3 F1 V4 K1 V3 F1 V4 K1 V3 F1 V4 K1 V3 F1 V4 K1 V3 F1 V4 K1 V3 F1 V4 K1 V3 F1 V4 K1 V3 F1 V4 K1 V3 F1 V4 K1 V3 F1 V4 K1 V3 F1 V4 K1 V3 F1 V4 K1 V3 F1 V4;0.015;16;20000000;;;preattached;0.4;4:00:00
triblock-32-brush-xl-v3;K1 V3 F1 V4 K1 V3 F1 V4 K1 V3 F1 V4 K1 V3 F1 V4 K1 V3 F1 V4 K1 V3 F1 V4 K1 V3 F1 V4 K1 V3 F1 V4 G1 A1 G1 A1 G1 A1 G1 A1 G1 A1 G1 A1 G1 A1 V1 A1 G1 A1 G1 A1 G1 A1 G1 A1 G1 A1 G1 A1 G1 A1 V1 A1 K1 V3 F1 V4 K1 V3 F1 V4 K1 V3 F1 V4 K1 V3 F1 V4 K1 V3 F1 V4 K1 V3 F1 V4 K1 V3 F1 V4 K1 V3 F1 V4;0.015;16;20000000;0.8;0.1;brush;;4:00:00
triblock-32-brush-noxl-v3;K1 V3 F1 V4 K1 V3 F1 V4 K1 V3 F1 V4 K1 V3 F1 V4 K1 V3 F1 V4 K1 V3 F1 V4 K1 V3 F1 V4 K1 V3 F1 V4 G1 A1 G1 A1 G1 A1 G1 A1 G1 A1 G1 A1 G1 A1 V1 A1 G1 A1 G1 A1 G1 A1 G1 A1 G1 A1 G1 A1 G1 A1 V1 A1 K1 V3 F1 V4 K1 V3 F1 V4 K1 V3 F1 V4 K1 V3 F1 V4 K1 V3 F1 V4 K1 V3 F1 V4 K1 V3 F1 V4 K1 V3 F1 V4;0.015;16;20000000;;;brush;;4:00:00
triblock-32-free-xl-v3;K1 V3 F1 V4 K1 V3 F1 V4 K1 V3 F1 V4 K1 V3 F1 V4 K1 V3 F1 V4 K1 V3 F1 V4 K1 V3 F1 V4 K1 V3 F1 V4 G1 A1 G1 A1 G1 A1 G1 A1 G1 A1 G1 A1 G1 A1 V1 A1 G1 A1 G1 A1 G1 A1 G1 A1 G1 A1 G1 A1 G1 A1 V1 A1 K1 V3 F1 V4 K1 V3 F1 V4 K1 V3 F1 V4 K1 V3 F1 V4 K1 V3 F1 V4 K1 V3 F1 V4 K1 V3 F1 V4 K1 V3 F1 V4;0.015;16;20000000;0.8;0.1;free;;4:00:00
triblock-32-free-noxl-v3;K1 V3 F1 V4 K1 V3 F1 V4 K1 V3 F1 V4 K1 V3 F1 V4 K1 V3 F1 V4 K1 V3 F1 V4 K1 V3 F1 V4 K1 V3 F1 V4 G1 A1 G1 A1 G1 A1 G1 A1 G1 A1 G1 A1 G1 A1 V1 A1 G1 A1 G1 A1 G1 A1 G1 A1 G1 A1 G1 A1 G1 A1 V1 A1 K1 V3 F1 V4 K1 V3 F1 V4 K1 V3 F1 V4 K1 V3 F1 V4 K1 V3 F1 V4 K1 V3 F1 V4 K1 V3 F1 V4 K1 V3 F1 V4;0.015;16;20000000;;;free;;4:00:00
triblock-32-pre-xl-v3;K1 V3 F1 V4 K1 V3 F1 V4 K1 V3 F1 V4 K1 V3 F1 V4 K1 V3 F1 V4 K1 V3 F1 V4 K1 V3 F1 V4 K1 V3 F1 V4 G1 A1 G1 A1 G1 A1 G1 A1 G1 A1 G1 A1 G1 A1 V1 A1 G1 A1 G1 A1 G1 A1 G1 A1 G1 A1 G1 A1 G1 A1 V1 A1 K1 V3 F1 V4 K1 V3 F1 V4 K1 V3 F1 V4 K1 V3 F1 V4 K1 V3 F1 V4 K1 V3 F1 V4 K1 V3 F1 V4 K1 V3 F1 V4;0.015;16;20000000;0.8;0.1;preattached;0.4;4:00:00
triblock-32-pre-noxl-v3;K1 V3 F1 V4 K1 V3 F1 V4 K1 V3 F1 V4 K1 V3 F1 V4 K1 V3 F1 V4 K1 V3 F1 V4 K1 V3 F1 V4 K1 V3 F1 V4 G1 A1 G1 A1 G1 A1 G1 A1 G1 A1 G1 A1 G1 A1 V1 A1 G1 A1 G1 A1 G1 A1 G1 A1 G1 A1 G1 A1 G1 A1 V1 A1 K1 V3 F1 V4 K1 V3 F1 V4 K1 V3 F1 V4 K1 V3 F1 V4 K1 V3 F1 V4 K1 V3 F1 V4 K1 V3 F1 V4 K1 V3 F1 V4;0.015;16;20000000;;;preattached;0.4;4:00:00
triblock-64-brush-xl-v3;K1 V3 F1 V4 K1 V3 F1 V4 K1 V3 F1 V4 K1 V3 F1 V4 K1 V3 F1 V4 K1 V3 F1 V4 K1 V3 F1 V4 K1 V3 F1 V4 G1 A1 G1 A1 G1 A1 G1 A1 G1 A1 G1 A1 G1 A1 V1 A1 G1 A1 G1 A1 G1 A1 G1 A1 G1 A1 G1 A1 G1 A1 V1 A1 G1 A1 G1 A1 G1 A1 G1 A1 G1 A1 G1 A1 G1 A1 V1 A1 G1 A1 G1 A1 G1 A1 G1 A1 G1 A1 G1 A1 G1 A1 V1 A1 K1 V3 F1 V4 K1 V3 F1 V4 K1 V3 F1 V4 K1 V3 F1 V4 K1 V3 F1 V4 K1 V3 F1 V4 K1 V3 F1 V4 K1 V3 F1 V4;0.015;16;20000000;0.8;0.1;brush;;4:00:00
triblock-64-brush-noxl-v3;K1 V3 F1 V4 K1 V3 F1 V4 K1 V3 F1 V4 K1 V3 F1 V4 K1 V3 F1 V4 K1 V3 F1 V4 K1 V3 F1 V4 K1 V3 F1 V4 G1 A1 G1 A1 G1 A1 G1 A1 G1 A1 G1 A1 G1 A1 V1 A1 G1 A1 G1 A1 G1 A1 G1 A1 G1 A1 G1 A1 G1 A1 V1 A1 G1 A1 G1 A1 G1 A1 G1 A1 G1 A1 G1 A1 G1 A1 V1 A1 G1 A1 G1 A1 G1 A1 G1 A1 G1 A1 G1 A1 G1 A1 V1 A1 K1 V3 F1 V4 K1 V3 F1 V4 K1 V3 F1 V4 K1 V3 F1 V4 K1 V3 F1 V4 K1 V3 F1 V4 K1 V3 F1 V4 K1 V3 F1 V4;0.015;16;20000000;;;brush;;4:00:00
triblock-64-free-xl-v3;K1 V3 F1 V4 K1 V3 F1 V4 K1 V3 F1 V4 K1 V3 F1 V4 K1 V3 F1 V4 K1 V3 F1 V4 K1 V3 F1 V4 K1 V3 F1 V4 G1 A1 G1 A1 G1 A1 G1 A1 G1 A1 G1 A1 G1 A1 V1 A1 G1 A1 G1 A1 G1 A1 G1 A1 G1 A1 G1 A1 G1 A1 V1 A1 G1 A1 G1 A1 G1 A1 G1 A1 G1 A1 G1 A1 G1 A1 V1 A1 G1 A1 G1 A1 G1 A1 G1 A1 G1 A1 G1 A1 G1 A1 V1 A1 K1 V3 F1 V4 K1 V3 F1 V4 K1 V3 F1 V4 K1 V3 F1 V4 K1 V3 F1 V4 K1 V3 F1 V4 K1 V3 F1 V4 K1 V3 F1 V4;0.015;16;20000000;0.8;0.1;free;;4:00:00
triblock-64-free-noxl-v3;K1 V3 F1 V4 K1 V3 F1 V4 K1 V3 F1 V4 K1 V3 F1 V4 K1 V3 F1 V4 K1 V3 F1 V4 K1 V3 F1 V4 K1 V3 F1 V4 G1 A1 G1 A1 G1 A1 G1 A1 G1 A1 G1 A1 G1 A1 V1 A1 G1 A1 G1 A1 G1 A1 G1 A1 G1 A1 G1 A1 G1 A1 V1 A1 G1 A1 G1 A1 G1 A1 G1 A1 G1 A1 G1 A1 G1 A1 V1 A1 G1 A1 G1 A1 G1 A1 G1 A1 G1 A1 G1 A1 G1 A1 V1 A1 K1 V3 F1 V4 K1 V3 F1 V4 K1 V3 F1 V4 K1 V3 F1 V4 K1 V3 F1 V4 K1 V3 F1 V4 K1 V3 F1 V4 K1 V3 F1 V4;0.015;16;20000000;;;free;;4:00:00
triblock-64-pre-xl-v3;K1 V3 F1 V4 K1 V3 F1 V4 K1 V3 F1 V4 K1 V3 F1 V4 K1 V3 F1 V4 K1 V3 F1 V4 K1 V3 F1 V4 K1 V3 F1 V4 G1 A1 G1 A1 G1 A1 G1 A1 G1 A1 G1 A1 G1 A1 V1 A1 G1 A1 G1 A1 G1 A1 G1 A1 G1 A1 G1 A1 G1 A1 V1 A1 G1 A1 G1 A1 G1 A1 G1 A1 G1 A1 G1 A1 G1 A1 V1 A1 G1 A1 G1 A1 G1 A1 G1 A1 G1 A1 G1 A1 G1 A1 V1 A1 K1 V3 F1 V4 K1 V3 F1 V4 K1 V3 F1 V4 K1 V3 F1 V4 K1 V3 F1 V4 K1 V3 F1 V4 K1 V3 F1 V4 K1 V3 F1 V4;0.015;16;20000000;0.8;0.1;preattached;0.4;4:00:00
triblock-64-pre-noxl-v3;K1 V3 F1 V4 K1 V3 F1 V4 K1 V3 F1 V4 K1 V3 F1 V4 K1 V3 F1 V4 K1 V3 F1 V4 K1 V3 F1 V4 K1 V3 F1 V4 G1 A1 G1 A1 G1 A1 G1 A1 G1 A1 G1 A1 G1 A1 V1 A1 G1 A1 G1 A1 G1 A1 G1 A1 G1 A1 G1 A1 G1 A1 V1 A1 G1 A1 G1 A1 G1 A1 G1 A1 G1 A1 G1 A1 G1 A1 V1 A1 G1 A1 G1 A1 G1 A1 G1 A1 G1 A1 G1 A1 G1 A1 V1 A1 K1 V3 F1 V4 K1 V3 F1 V4 K1 V3 F1 V4 K1 V3 F1 V4 K1 V3 F1 V4 K1 V3 F1 V4 K1 V3 F1 V4 K1 V3 F1 V4;0.015;16;20000000;;;preattached;0.4;4:00:00
tetrablock-brush-xl-v3;G1 A1 G1 A1 G1 A1 G1 A1 G1 A1 G1 A1 G1 A1 V1 A1 G1 A1 G1 A1 G1 A1 G1 A1 G1 A1 G1 A1 G1 A1 V1 A1 K1 V3 F1 V4 K1 V3 F1 V4 K1 V3 F1 V4 K1 V3 F1 V4 K1 V3 F1 V4 K1 V3 F1 V4 K1 V3 F1 V4 K1 V3 F1 V4 G1 A1 G1 A1 G1 A1 G1 A1 G1 A1 G1 A1 G1 A1 V1 A1 G1 A1 G1 A1 G1 A1 G1 A1 G1 A1 G1 A1 G1 A1 V1 A1 K1 V3 F1 V4 K1 V3 F1 V4 K1 V3 F1 V4 K1 V3 F1 V4 K1 V3 F1 V4 K1 V3 F1 V4 K1 V3 F1 V4 K1 V3 F1 V4;0.015;16;20000000;0.8;0.1;brush;;4:00:00
tetrablock-brush-noxl-v3;G1 A1 G1 A1 G1 A1 G1 A1 G1 A1 G1 A1 G1 A1 V1 A1 G1 A1 G1 A1 G1 A1 G1 A1 G1 A1 G1 A1 G1 A1 V1 A1 K1 V3 F1 V4 K1 V3 F1 V4 K1 V3 F1 V4 K1 V3 F1 V4 K1 V3 F1 V4 K1 V3 F1 V4 K1 V3 F1 V4 K1 V3 F1 V4 G1 A1 G1 A1 G1 A1 G1 A1 G1 A1 G1 A1 G1 A1 V1 A1 G1 A1 G1 A1 G1 A1 G1 A1 G1 A1 G1 A1 G1 A1 V1 A1 K1 V3 F1 V4 K1 V3 F1 V4 K1 V3 F1 V4 K1 V3 F1 V4 K1 V3 F1 V4 K1 V3 F1 V4 K1 V3 F1 V4 K1 V3 F1 V4;0.015;16;20000000;;;brush;;4:00:00
tetrablock-free-xl-v3;G1 A1 G1 A1 G1 A1 G1 A1 G1 A1 G1 A1 G1 A1 V1 A1 G1 A1 G1 A1 G1 A1 G1 A1 G1 A1 G1 A1 G1 A1 V1 A1 K1 V3 F1 V4 K1 V3 F1 V4 K1 V3 F1 V4 K1 V3 F1 V4 K1 V3 F1 V4 K1 V3 F1 V4 K1 V3 F1 V4 K1 V3 F1 V4 G1 A1 G1 A1 G1 A1 G1 A1 G1 A1 G1 A1 G1 A1 V1 A1 G1 A1 G1 A1 G1 A1 G1 A1 G1 A1 G1 A1 G1 A1 V1 A1 K1 V3 F1 V4 K1 V3 F1 V4 K1 V3 F1 V4 K1 V3 F1 V4 K1 V3 F1 V4 K1 V3 F1 V4 K1 V3 F1 V4 K1 V3 F1 V4;0.015;16;20000000;0.8;0.1;free;;4:00:00
tetrablock-free-noxl-v3;G1 A1 G1 A1 G1 A1 G1 A1 G1 A1 G1 A1 G1 A1 V1 A1 G1 A1 G1 A1 G1 A1 G1 A1 G1 A1 G1 A1 G1 A1 V1 A1 K1 V3 F1 V4 K1 V3 F1 V4 K1 V3 F1 V4 K1 V3 F1 V4 K1 V3 F1 V4 K1 V3 F1 V4 K1 V3 F1 V4 K1 V3 F1 V4 G1 A1 G1 A1 G1 A1 G1 A1 G1 A1 G1 A1 G1 A1 V1 A1 G1 A1 G1 A1 G1 A1 G1 A1 G1 A1 G1 A1 G1 A1 V1 A1 K1 V3 F1 V4 K1 V3 F1 V4 K1 V3 F1 V4 K1 V3 F1 V4 K1 V3 F1 V4 K1 V3 F1 V4 K1 V3 F1 V4 K1 V3 F1 V4;0.015;16;20000000;;;free;;4:00:00
tetrablock-pre-xl-v3;G1 A1 G1 A1 G1 A1 G1 A1 G1 A1 G1 A1 G1 A1 V1 A1 G1 A1 G1 A1 G1 A1 G1 A1 G1 A1 G1 A1 G1 A1 V1 A1 K1 V3 F1 V4 K1 V3 F1 V4 K1 V3 F1 V4 K1 V3 F1 V4 K1 V3 F1 V4 K1 V3 F1 V4 K1 V3 F1 V4 K1 V3 F1 V4 G1 A1 G1 A1 G1 A1 G1 A1 G1 A1 G1 A1 G1 A1 V1 A1 G1 A1 G1 A1 G1 A1 G1 A1 G1 A1 G1 A1 G1 A1 V1 A1 K1 V3 F1 V4 K1 V3 F1 V4 K1 V3 F1 V4 K1 V3 F1 V4 K1 V3 F1 V4 K1 V3 F1 V4 K1 V3 F1 V4 K1 V3 F1 V4;0.015;16;20000000;0.8;0.1;preattached;0.4;4:00:00
tetrablock-pre-noxl-v3;G1 A1 G1 A1 G1 A1 G1 A1 G1 A1 G1 A1 G1 A1 V1 A1 G1 A1 G1 A1 G1 A1 G1 A1 G1 A1 G1 A1 G1 A1 V1 A1 K1 V3 F1 V4 K1 V3 F1 V4 K1 V3 F1 V4 K1 V3 F1 V4 K1 V3 F1 V4 K1 V3 F1 V4 K1 V3 F1 V4 K1 V3 F1 V4 G1 A1 G1 A1 G1 A1 G1 A1 G1 A1 G1 A1 G1 A1 V1 A1 G1 A1 G1 A1 G1 A1 G1 A1 G1 A1 G1 A1 G1 A1 V1 A1 K1 V3 F1 V4 K1 V3 F1 V4 K1 V3 F1 V4 K1 V3 F1 V4 K1 V3 F1 V4 K1 V3 F1 V4 K1 V3 F1 V4 K1 V3 F1 V4;0.015;16;20000000;;;preattached;0.4;4:00:00
