Name;Sequence;concentration;nmolecules;steps;ionic strength (M);crosslink distance;crosslink prob;mode;preattached fraction;walltime
sub4-anchor-BASE-CASE-L72-uniform-C0p04-I0p20-rep1;I13 K1 I14 K1 I14 K1 I14 K1 I13;0.04;16;40000000;0.2;;;preattached;0.3;1:30:00
sub4-anchor-BASE-CASE-L72-uniform-C0p04-I0p20-rep2;I13 K1 I14 K1 I14 K1 I14 K1 I13;0.04;16;40000000;0.2;;;preattached;0.3;1:30:00
sub4-anchor-BASE-CASE-L72-uniform-C0p04-I0p20-rep3;I13 K1 I14 K1 I14 K1 I14 K1 I13;0.04;16;40000000;0.2;;;preattached;0.3;1:30:00
sub4-anchor-A01-L59-S13-C0p05-I0p47-rep1;I3 K1 I12 K1 I12 K1 I12 K1 I16;0.0465;16;40000000;0.473;;;preattached;0.3;1:30:00
sub4-anchor-A01-L59-S13-C0p05-I0p47-rep2;I3 K1 I12 K1 I12 K1 I12 K1 I16;0.0465;16;40000000;0.473;;;preattached;0.3;1:30:00
sub4-anchor-A01-L59-S13-C0p05-I0p47-rep3;I3 K1 I12 K1 I12 K1 I12 K1 I16;0.0465;16;40000000;0.473;;;preattached;0.3;1:30:00
sub4-anchor-A02-L64-S7-C0p01-I0p19-rep1;I18 K1 I6 K1 I6 K1 I6 K1 I24;0.0101;16;40000000;0.19;;;preattached;0.3;1:30:00
sub4-anchor-A02-L64-S7-C0p01-I0p19-rep2;I18 K1 I6 K1 I6 K1 I6 K1 I24;0.0101;16;40000000;0.19;;;preattached;0.3;1:30:00
sub4-anchor-A02-L64-S7-C0p01-I0p19-rep3;I18 K1 I6 K1 I6 K1 I6 K1 I24;0.0101;16;40000000;0.19;;;preattached;0.3;1:30:00
sub4-anchor-A03-L76-S10-C0p05-I0p06-rep1;I18 K1 I9 K1 I9 K1 I9 K1 I27;0.0477;16;40000000;0.056;;;preattached;0.3;1:30:00
sub4-anchor-A03-L76-S10-C0p05-I0p06-rep2;I18 K1 I9 K1 I9 K1 I9 K1 I27;0.0477;16;40000000;0.056;;;preattached;0.3;1:30:00
sub4-anchor-A03-L76-S10-C0p05-I0p06-rep3;I18 K1 I9 K1 I9 K1 I9 K1 I27;0.0477;16;40000000;0.056;;;preattached;0.3;1:30:00
sub4-anchor-A04-L55-S6-C0p02-I0p41-rep1;I15 K1 I5 K1 I5 K1 I5 K1 I21;0.0216;16;40000000;0.407;;;preattached;0.3;1:30:00
sub4-anchor-A04-L55-S6-C0p02-I0p41-rep2;I15 K1 I5 K1 I5 K1 I5 K1 I21;0.0216;16;40000000;0.407;;;preattached;0.3;1:30:00
sub4-anchor-A04-L55-S6-C0p02-I0p41-rep3;I15 K1 I5 K1 I5 K1 I5 K1 I21;0.0216;16;40000000;0.407;;;preattached;0.3;1:30:00
sub4-anchor-A05-L128-S19-C0p06-I0p36-rep1;I26 K1 I18 K1 I18 K1 I18 K1 I44;0.057;16;40000000;0.357;;;preattached;0.3;1:30:00
sub4-anchor-A05-L128-S19-C0p06-I0p36-rep2;I26 K1 I18 K1 I18 K1 I18 K1 I44;0.057;16;40000000;0.357;;;preattached;0.3;1:30:00
sub4-anchor-A05-L128-S19-C0p06-I0p36-rep3;I26 K1 I18 K1 I18 K1 I18 K1 I44;0.057;16;40000000;0.357;;;preattached;0.3;1:30:00
sub4-anchor-A06-L90-S17-C0p03-I0p40-rep1;I11 K1 I16 K1 I16 K1 I16 K1 I27;0.0334;16;40000000;0.403;;;preattached;0.3;1:30:00
sub4-anchor-A06-L90-S17-C0p03-I0p40-rep2;I11 K1 I16 K1 I16 K1 I16 K1 I27;0.0334;16;40000000;0.403;;;preattached;0.3;1:30:00
sub4-anchor-A06-L90-S17-C0p03-I0p40-rep3;I11 K1 I16 K1 I16 K1 I16 K1 I27;0.0334;16;40000000;0.403;;;preattached;0.3;1:30:00
sub4-anchor-A07-L110-S9-C0p04-I0p49-rep1;I37 K1 I8 K1 I8 K1 I8 K1 I45;0.0436;16;40000000;0.491;;;preattached;0.3;1:30:00
sub4-anchor-A07-L110-S9-C0p04-I0p49-rep2;I37 K1 I8 K1 I8 K1 I8 K1 I45;0.0436;16;40000000;0.491;;;preattached;0.3;1:30:00
sub4-anchor-A07-L110-S9-C0p04-I0p49-rep3;I37 K1 I8 K1 I8 K1 I8 K1 I45;0.0436;16;40000000;0.491;;;preattached;0.3;1:30:00
sub4-anchor-A08-L82-S14-C0p02-I0p45-rep1;I13 K1 I13 K1 I13 K1 I13 K1 I26;0.0205;16;40000000;0.45;;;preattached;0.3;1:30:00
sub4-anchor-A08-L82-S14-C0p02-I0p45-rep2;I13 K1 I13 K1 I13 K1 I13 K1 I26;0.0205;16;40000000;0.45;;;preattached;0.3;1:30:00
sub4-anchor-A08-L82-S14-C0p02-I0p45-rep3;I13 K1 I13 K1 I13 K1 I13 K1 I26;0.0205;16;40000000;0.45;;;preattached;0.3;1:30:00
sub4-anchor-A09-L102-S15-C0p03-I0p33-rep1;I21 K1 I14 K1 I14 K1 I14 K1 I35;0.0268;16;40000000;0.33;;;preattached;0.3;1:30:00
sub4-anchor-A09-L102-S15-C0p03-I0p33-rep2;I21 K1 I14 K1 I14 K1 I14 K1 I35;0.0268;16;40000000;0.33;;;preattached;0.3;1:30:00
sub4-anchor-A09-L102-S15-C0p03-I0p33-rep3;I21 K1 I14 K1 I14 K1 I14 K1 I35;0.0268;16;40000000;0.33;;;preattached;0.3;1:30:00