Name; Sequence; concentration;nmolecules;steps;crosslink distance;crosslink prob;mode;preattached fraction;walltime
11R2G1D5;(LQLDASTVYAVTGRGDSPASSAASA) I10 K1 I3 (VP) (LDASTVYAVTGRGDSPASSAASA) I1 K1 I3 M1 I5 (VP) (LDASTVYAVTGRGDSPASSAASA) K1 I14 (VP) (LDASTVYAVTGRGDSPASSAASA) I4 K1 M1 I5 (VP);0.04;16;40000000;0.8;1.0;preattached;0.3;1:30:00
4R4G3D2;(LQLDASTVYAVTGRGDSPASSAASA) I3 K1 I10 (VP) (LDASTVYAVTGRGDSPASSAASA) I3 K1 I1 M1 I5 (VP) (LDASTVYAVTGRGDSPASSAASA) I2 K1 I12 (VP) (LDASTVYAVTGRGDSPASSAASA) I1 K1 I3 M1 I5 (VP);0.04;16;40000000;0.8;1.0;preattached;0.3;1:30:00
11R10G2D11;(LQLDASTVYAVTGRGDSPASSAASA) I10 K1 I3 (VP) (LDASTVYAVTGRGDSPASSAASA) I5 M1 I3 K1 I1 (VP) (LDASTVYAVTGRGDSPASSAASA) I1 K1 I13 (VP) (LDASTVYAVTGRGDSPASSAASA) I5 M1 I4 K1 (VP);0.04;16;40000000;0.8;1.0;preattached;0.3;1:30:00
7R1G1D2;(LQLDASTVYAVTGRGDSPASSAASA) I6 K1 I7 (VP) (LDASTVYAVTGRGDSPASSAASA) K1 I4 M1 I5 (VP) (LDASTVYAVTGRGDSPASSAASA) K1 I14 (VP) (LDASTVYAVTGRGDSPASSAASA) I1 K1 I3 M1 I5 (VP);0.04;16;40000000;0.8;1.0;preattached;0.3;1:30:00
4R4G9D11;(LQLDASTVYAVTGRGDSPASSAASA) I3 K1 I10 (VP) (LDASTVYAVTGRGDSPASSAASA) I3 K1 I1 M1 I5 (VP) (LDASTVYAVTGRGDSPASSAASA) I8 K1 I6 (VP) (LDASTVYAVTGRGDSPASSAASA) I5 M1 I4 K1 (VP);0.04;16;40000000;0.8;1.0;preattached;0.3;1:30:00
1R10G4D10;(LQLDASTVYAVTGRGDSPASSAASA) K1 I13 (VP) (LDASTVYAVTGRGDSPASSAASA) I5 M1 I3 K1 I1 (VP) (LDASTVYAVTGRGDSPASSAASA) I3 K1 I11 (VP) (LDASTVYAVTGRGDSPASSAASA) I5 M1 I3 K1 I1 (VP);0.04;16;40000000;0.8;1.0;preattached;0.3;1:30:00
7R4G8D11;(LQLDASTVYAVTGRGDSPASSAASA) I6 K1 I7 (VP) (LDASTVYAVTGRGDSPASSAASA) I3 K1 I1 M1 I5 (VP) (LDASTVYAVTGRGDSPASSAASA) I7 K1 I7 (VP) (LDASTVYAVTGRGDSPASSAASA) I5 M1 I4 K1 (VP);0.04;16;40000000;0.8;1.0;preattached;0.3;1:30:00
5R1G13D3;(LQLDASTVYAVTGRGDSPASSAASA) I4 K1 I9 (VP) (LDASTVYAVTGRGDSPASSAASA) K1 I4 M1 I5 (VP) (LDASTVYAVTGRGDSPASSAASA) I12 K1 I2 (VP) (LDASTVYAVTGRGDSPASSAASA) I2 K1 I2 M1 I5 (VP);0.04;16;40000000;0.8;1.0;preattached;0.3;1:30:00
12R8G6D5;(LQLDASTVYAVTGRGDSPASSAASA) I11 K1 I2 (VP) (LDASTVYAVTGRGDSPASSAASA) I5 M1 I1 K1 I3 (VP) (LDASTVYAVTGRGDSPASSAASA) I5 K1 I9 (VP) (LDASTVYAVTGRGDSPASSAASA) I4 K1 M1 I5 (VP);0.04;16;40000000;0.8;1.0;preattached;0.3;1:30:00
3R4G13D7;(LQLDASTVYAVTGRGDSPASSAASA) I2 K1 I11 (VP) (LDASTVYAVTGRGDSPASSAASA) I3 K1 I1 M1 I5 (VP) (LDASTVYAVTGRGDSPASSAASA) I12 K1 I2 (VP) (LDASTVYAVTGRGDSPASSAASA) I5 M1 K1 I4 (VP);0.04;16;40000000;0.8;1.0;preattached;0.3;1:30:00
2R2G7D2;(LQLDASTVYAVTGRGDSPASSAASA) I1 K1 I12 (VP) (LDASTVYAVTGRGDSPASSAASA) I1 K1 I3 M1 I5 (VP) (LDASTVYAVTGRGDSPASSAASA) I6 K1 I8 (VP) (LDASTVYAVTGRGDSPASSAASA) I1 K1 I3 M1 I5 (VP);0.04;16;40000000;0.8;1.0;preattached;0.3;1:30:00
6R7G10D5;(LQLDASTVYAVTGRGDSPASSAASA) I5 K1 I8 (VP) (LDASTVYAVTGRGDSPASSAASA) I5 M1 K1 I4 (VP) (LDASTVYAVTGRGDSPASSAASA) I9 K1 I5 (VP) (LDASTVYAVTGRGDSPASSAASA) I4 K1 M1 I5 (VP);0.04;16;40000000;0.8;1.0;preattached;0.3;1:30:00
13R1G12D9;(LQLDASTVYAVTGRGDSPASSAASA) I12 K1 I1 (VP) (LDASTVYAVTGRGDSPASSAASA) K1 I4 M1 I5 (VP) (LDASTVYAVTGRGDSPASSAASA) I11 K1 I3 (VP) (LDASTVYAVTGRGDSPASSAASA) I5 M1 I2 K1 I2 (VP);0.04;16;40000000;0.8;1.0;preattached;0.3;1:30:00
9R2G15D8;(LQLDASTVYAVTGRGDSPASSAASA) I8 K1 I5 (VP) (LDASTVYAVTGRGDSPASSAASA) I1 K1 I3 M1 I5 (VP) (LDASTVYAVTGRGDSPASSAASA) I14 K1 (VP) (LDASTVYAVTGRGDSPASSAASA) I5 M1 I1 K1 I3 (VP);0.04;16;40000000;0.8;1.0;preattached;0.3;1:30:00
2R10G5D11;(LQLDASTVYAVTGRGDSPASSAASA) I1 K1 I12 (VP) (LDASTVYAVTGRGDSPASSAASA) I5 M1 I3 K1 I1 (VP) (LDASTVYAVTGRGDSPASSAASA) I4 K1 I10 (VP) (LDASTVYAVTGRGDSPASSAASA) I5 M1 I4 K1 (VP);0.04;16;40000000;0.8;1.0;preattached;0.3;1:30:00
14R7G10D4;(LQLDASTVYAVTGRGDSPASSAASA) I13 K1 (VP) (LDASTVYAVTGRGDSPASSAASA) I5 M1 K1 I4 (VP) (LDASTVYAVTGRGDSPASSAASA) I9 K1 I5 (VP) (LDASTVYAVTGRGDSPASSAASA) I3 K1 I1 M1 I5 (VP);0.04;16;40000000;0.8;1.0;preattached;0.3;1:30:00
12R2G1D4;(LQLDASTVYAVTGRGDSPASSAASA) I11 K1 I2 (VP) (LDASTVYAVTGRGDSPASSAASA) I1 K1 I3 M1 I5 (VP) (LDASTVYAVTGRGDSPASSAASA) K1 I14 (VP) (LDASTVYAVTGRGDSPASSAASA) I3 K1 I1 M1 I5 (VP);0.04;16;40000000;0.8;1.0;preattached;0.3;1:30:00
13R5G2D4;(LQLDASTVYAVTGRGDSPASSAASA) I12 K1 I1 (VP) (LDASTVYAVTGRGDSPASSAASA) I4 K1 M1 I5 (VP) (LDASTVYAVTGRGDSPASSAASA) I1 K1 I13 (VP) (LDASTVYAVTGRGDSPASSAASA) I3 K1 I1 M1 I5 (VP);0.04;16;40000000;0.8;1.0;preattached;0.3;1:30:00
14R2G7D5;(LQLDASTVYAVTGRGDSPASSAASA) I13 K1 (VP) (LDASTVYAVTGRGDSPASSAASA) I1 K1 I3 M1 I5 (VP) (LDASTVYAVTGRGDSPASSAASA) I6 K1 I8 (VP) (LDASTVYAVTGRGDSPASSAASA) I4 K1 M1 I5 (VP);0.04;16;40000000;0.8;1.0;preattached;0.3;1:30:00
8R7G3D7;(LQLDASTVYAVTGRGDSPASSAASA) I7 K1 I6 (VP) (LDASTVYAVTGRGDSPASSAASA) I5 M1 K1 I4 (VP) (LDASTVYAVTGRGDSPASSAASA) I2 K1 I12 (VP) (LDASTVYAVTGRGDSPASSAASA) I5 M1 K1 I4 (VP);0.04;16;40000000;0.8;1.0;preattached;0.3;1:30:00