Name ; Sequence;concentration;nmolecules;steps;crosslink distance;crosslink prob;mode;preattached fraction;walltime
13R1G13D4_uniform;(LQ) (LDASTVYAVTGRGDSPASSAASA) I12 K1 I1 (VP) (LDASTVYAVTGRGDSPASSAASA) K1 I4 M1 I5 (VP) (LDASTVYAVTGRGDSPASSAASA) I12 K1 I2 (VP) (LDASTVYAVTGRGDSPASSAASA) I3 K1 I1 M1 I5 (VP);0.04;16;40000000;0.8;1.0;preattached;0.3;1:30:00
14R2G9D8_uniform;(LQ) (LDASTVYAVTGRGDSPASSAASA) I13 K1 (VP) (LDASTVYAVTGRGDSPASSAASA) I1 K1 I3 M1 I5 (VP) (LDASTVYAVTGRGDSPASSAASA) I8 K1 I6 (VP) (LDASTVYAVTGRGDSPASSAASA) I5 M1 I1 K1 I3 (VP);0.04;16;40000000;0.8;1.0;preattached;0.3;1:30:00
13R3G7D7_uniform;(LQ) (LDASTVYAVTGRGDSPASSAASA) I12 K1 I1 (VP) (LDASTVYAVTGRGDSPASSAASA) I2 K1 I2 M1 I5 (VP) (LDASTVYAVTGRGDSPASSAASA) I6 K1 I8 (VP) (LDASTVYAVTGRGDSPASSAASA) I5 M1 K1 I4 (VP);0.04;16;40000000;0.8;1.0;preattached;0.3;1:30:00
10R8G13D11_uniform;(LQ) (LDASTVYAVTGRGDSPASSAASA) I9 K1 I4 (VP) (LDASTVYAVTGRGDSPASSAASA) I5 M1 I1 K1 I3 (VP) (LDASTVYAVTGRGDSPASSAASA) I12 K1 I2 (VP) (LDASTVYAVTGRGDSPASSAASA) I5 M1 I4 K1 (VP);0.04;16;40000000;0.8;1.0;preattached;0.3;1:30:00
4R11G15D1_uniform;(LQ) (LDASTVYAVTGRGDSPASSAASA) I3 K1 I10 (VP) (LDASTVYAVTGRGDSPASSAASA) I5 M1 I4 K1 (VP) (LDASTVYAVTGRGDSPASSAASA) I14 K1 (VP) (LDASTVYAVTGRGDSPASSAASA) K1 I4 M1 I5 (VP);0.04;16;40000000;0.8;1.0;preattached;0.3;1:30:00
1R9G12D11_uniform;(LQ) (LDASTVYAVTGRGDSPASSAASA) K1 I13 (VP) (LDASTVYAVTGRGDSPASSAASA) I5 M1 I2 K1 I2 (VP) (LDASTVYAVTGRGDSPASSAASA) I11 K1 I3 (VP) (LDASTVYAVTGRGDSPASSAASA) I5 M1 I4 K1 (VP);0.04;16;40000000;0.8;1.0;preattached;0.3;1:30:00
12R4G15D10_uniform;(LQ) (LDASTVYAVTGRGDSPASSAASA) I11 K1 I2 (VP) (LDASTVYAVTGRGDSPASSAASA) I3 K1 I1 M1 I5 (VP) (LDASTVYAVTGRGDSPASSAASA) I14 K1 (VP) (LDASTVYAVTGRGDSPASSAASA) I5 M1 I3 K1 I1 (VP);0.04;16;40000000;0.8;1.0;preattached;0.3;1:30:00
12R11G15D3_uniform;(LQ) (LDASTVYAVTGRGDSPASSAASA) I11 K1 I2 (VP) (LDASTVYAVTGRGDSPASSAASA) I5 M1 I4 K1 (VP) (LDASTVYAVTGRGDSPASSAASA) I14 K1 (VP) (LDASTVYAVTGRGDSPASSAASA) I2 K1 I2 M1 I5 (VP);0.04;16;40000000;0.8;1.0;preattached;0.3;1:30:00
1R11G15D2_uniform;(LQ) (LDASTVYAVTGRGDSPASSAASA) K1 I13 (VP) (LDASTVYAVTGRGDSPASSAASA) I5 M1 I4 K1 (VP) (LDASTVYAVTGRGDSPASSAASA) I14 K1 (VP) (LDASTVYAVTGRGDSPASSAASA) I1 K1 I3 M1 I5 (VP);0.04;16;40000000;0.8;1.0;preattached;0.3;1:30:00
11R8G11D3_uniform;(LQ) (LDASTVYAVTGRGDSPASSAASA) I10 K1 I3 (VP) (LDASTVYAVTGRGDSPASSAASA) I5 M1 I1 K1 I3 (VP) (LDASTVYAVTGRGDSPASSAASA) I10 K1 I4 (VP) (LDASTVYAVTGRGDSPASSAASA) I2 K1 I2 M1 I5 (VP);0.04;16;40000000;0.8;1.0;preattached;0.3;1:30:00
0R3+4+8+10G0D0_focused;(LQ) (LDASTVYAVTGRGDSPASSAASA) I14 (VP) (LDASTVYAVTGRGDSPASSAASA) I2 K2 I1 M1 I1 K1 I1 K1 I1 (VP) (LDASTVYAVTGRGDSPASSAASA) I15 (VP) (LDASTVYAVTGRGDSPASSAASA) I5 M1 I5 (VP);0.04;16;40000000;0.8;1.0;preattached;0.3;1:30:00
4+10+13+14R0G0D0_focused;(LQ) (LDASTVYAVTGRGDSPASSAASA) I3 K1 I5 K1 I2 K2 (VP) (LDASTVYAVTGRGDSPASSAASA) I5 M1 I5 (VP) (LDASTVYAVTGRGDSPASSAASA) I15 (VP) (LDASTVYAVTGRGDSPASSAASA) I5 M1 I5 (VP);0.04;16;40000000;0.8;1.0;preattached;0.3;1:30:00
0R0G10+11+12+15D0_focused;(LQ) (LDASTVYAVTGRGDSPASSAASA) I14 (VP) (LDASTVYAVTGRGDSPASSAASA) I5 M1 I5 (VP) (LDASTVYAVTGRGDSPASSAASA) I9 K3 I2 K1 (VP) (LDASTVYAVTGRGDSPASSAASA) I5 M1 I5 (VP);0.04;16;40000000;0.8;1.0;preattached;0.3;1:30:00
0R0G0D1+2+7+8_focused;(LQ) (LDASTVYAVTGRGDSPASSAASA) I14 (VP) (LDASTVYAVTGRGDSPASSAASA) I5 M1 I5 (VP) (LDASTVYAVTGRGDSPASSAASA) I15 (VP) (LDASTVYAVTGRGDSPASSAASA) K2 I3 M1 K2 I3 (VP);0.04;16;40000000;0.8;1.0;preattached;0.3;1:30:00
0R0G2+7+9+10D0_focused;(LQ) (LDASTVYAVTGRGDSPASSAASA) I14 (VP) (LDASTVYAVTGRGDSPASSAASA) I5 M1 I5 (VP) (LDASTVYAVTGRGDSPASSAASA) I1 K1 I4 K1 I1 K2 I5 (VP) (LDASTVYAVTGRGDSPASSAASA) I5 M1 I5 (VP);0.04;16;40000000;0.8;1.0;preattached;0.3;1:30:00
0R0G1+3+6+7D0_focused;(LQ) (LDASTVYAVTGRGDSPASSAASA) I14 (VP) (LDASTVYAVTGRGDSPASSAASA) I5 M1 I5 (VP) (LDASTVYAVTGRGDSPASSAASA) K1 I1 K1 I2 K2 I8 (VP) (LDASTVYAVTGRGDSPASSAASA) I5 M1 I5 (VP);0.04;16;40000000;0.8;1.0;preattached;0.3;1:30:00
1+4+10+12R0G0D0_focused;(LQ) (LDASTVYAVTGRGDSPASSAASA) K1 I2 K1 I5 K1 I1 K1 I2 (VP) (LDASTVYAVTGRGDSPASSAASA) I5 M1 I5 (VP) (LDASTVYAVTGRGDSPASSAASA) I15 (VP) (LDASTVYAVTGRGDSPASSAASA) I5 M1 I5 (VP);0.04;16;40000000;0.8;1.0;preattached;0.3;1:30:00
0R0G0D1+2+4+7_focused;(LQ) (LDASTVYAVTGRGDSPASSAASA) I14 (VP) (LDASTVYAVTGRGDSPASSAASA) I5 M1 I5 (VP) (LDASTVYAVTGRGDSPASSAASA) I15 (VP) (LDASTVYAVTGRGDSPASSAASA) K2 I1 K1 I1 M1 K1 I4 (VP);0.04;16;40000000;0.8;1.0;preattached;0.3;1:30:00
0R0G1+8+11+12D0_focused;(LQ) (LDASTVYAVTGRGDSPASSAASA) I14 (VP) (LDASTVYAVTGRGDSPASSAASA) I5 M1 I5 (VP) (LDASTVYAVTGRGDSPASSAASA) K1 I6 K1 I2 K2 I3 (VP) (LDASTVYAVTGRGDSPASSAASA) I5 M1 I5 (VP);0.04;16;40000000;0.8;1.0;preattached;0.3;1:30:00
0R2+3+7+9G0D0_focused;(LQ) (LDASTVYAVTGRGDSPASSAASA) I14 (VP) (LDASTVYAVTGRGDSPASSAASA) I1 K2 I2 M1 K1 I1 K1 I2 (VP) (LDASTVYAVTGRGDSPASSAASA) I15 (VP) (LDASTVYAVTGRGDSPASSAASA) I5 M1 I5 (VP);0.04;16;40000000;0.8;1.0;preattached;0.3;1:30:00
7+8+9+10R0G0D0_clustered;(LQ) (LDASTVYAVTGRGDSPASSAASA) I6 K4 I4 (VP) (LDASTVYAVTGRGDSPASSAASA) I5 M1 I5 (VP) (LDASTVYAVTGRGDSPASSAASA) I15 (VP) (LDASTVYAVTGRGDSPASSAASA) I5 M1 I5 (VP);0.04;16;40000000;0.8;1.0;preattached;0.3;1:30:00
0R0G4+5+6+7D0_clustered;(LQ) (LDASTVYAVTGRGDSPASSAASA) I14 (VP) (LDASTVYAVTGRGDSPASSAASA) I5 M1 I5 (VP) (LDASTVYAVTGRGDSPASSAASA) I3 K4 I8 (VP) (LDASTVYAVTGRGDSPASSAASA) I5 M1 I5 (VP);0.04;16;40000000;0.8;1.0;preattached;0.3;1:30:00
0R0G5+6+7+8D0_clustered;(LQ) (LDASTVYAVTGRGDSPASSAASA) I14 (VP) (LDASTVYAVTGRGDSPASSAASA) I5 M1 I5 (VP) (LDASTVYAVTGRGDSPASSAASA) I4 K4 I7 (VP) (LDASTVYAVTGRGDSPASSAASA) I5 M1 I5 (VP);0.04;16;40000000;0.8;1.0;preattached;0.3;1:30:00
1+2+3+4R0G0D0_clustered;(LQ) (LDASTVYAVTGRGDSPASSAASA) K4 I10 (VP) (LDASTVYAVTGRGDSPASSAASA) I5 M1 I5 (VP) (LDASTVYAVTGRGDSPASSAASA) I15 (VP) (LDASTVYAVTGRGDSPASSAASA) I5 M1 I5 (VP);0.04;16;40000000;0.8;1.0;preattached;0.3;1:30:00
0R0G8+9+10+11D0_clustered;(LQ) (LDASTVYAVTGRGDSPASSAASA) I14 (VP) (LDASTVYAVTGRGDSPASSAASA) I5 M1 I5 (VP) (LDASTVYAVTGRGDSPASSAASA) I7 K4 I4 (VP) (LDASTVYAVTGRGDSPASSAASA) I5 M1 I5 (VP);0.04;16;40000000;0.8;1.0;preattached;0.3;1:30:00
0R0G12+13+14+15D0_clustered;(LQ) (LDASTVYAVTGRGDSPASSAASA) I14 (VP) (LDASTVYAVTGRGDSPASSAASA) I5 M1 I5 (VP) (LDASTVYAVTGRGDSPASSAASA) I11 K4 (VP) (LDASTVYAVTGRGDSPASSAASA) I5 M1 I5 (VP);0.04;16;40000000;0.8;1.0;preattached;0.3;1:30:00
0R0G10+11+12+13D0_clustered;(LQ) (LDASTVYAVTGRGDSPASSAASA) I14 (VP) (LDASTVYAVTGRGDSPASSAASA) I5 M1 I5 (VP) (LDASTVYAVTGRGDSPASSAASA) I9 K4 I2 (VP) (LDASTVYAVTGRGDSPASSAASA) I5 M1 I5 (VP);0.04;16;40000000;0.8;1.0;preattached;0.3;1:30:00
0R0G2+3+4+5D0_clustered;(LQ) (LDASTVYAVTGRGDSPASSAASA) I14 (VP) (LDASTVYAVTGRGDSPASSAASA) I5 M1 I5 (VP) (LDASTVYAVTGRGDSPASSAASA) I1 K4 I10 (VP) (LDASTVYAVTGRGDSPASSAASA) I5 M1 I5 (VP);0.04;16;40000000;0.8;1.0;preattached;0.3;1:30:00
9+10+11+12R0G0D0_clustered;(LQ) (LDASTVYAVTGRGDSPASSAASA) I8 K4 I2 (VP) (LDASTVYAVTGRGDSPASSAASA) I5 M1 I5 (VP) (LDASTVYAVTGRGDSPASSAASA) I15 (VP) (LDASTVYAVTGRGDSPASSAASA) I5 M1 I5 (VP);0.04;16;40000000;0.8;1.0;preattached;0.3;1:30:00
0R0G6+7+8+9D0_clustered;(LQ) (LDASTVYAVTGRGDSPASSAASA) I14 (VP) (LDASTVYAVTGRGDSPASSAASA) I5 M1 I5 (VP) (LDASTVYAVTGRGDSPASSAASA) I5 K4 I6 (VP) (LDASTVYAVTGRGDSPASSAASA) I5 M1 I5 (VP);0.04;16;40000000;0.8;1.0;preattached;0.3;1:30:00
4+6+13R0G0D11_random;(LQ) (LDASTVYAVTGRGDSPASSAASA) I3 K1 I1 K1 I6 K1 I1 (VP) (LDASTVYAVTGRGDSPASSAASA) I5 M1 I5 (VP) (LDASTVYAVTGRGDSPASSAASA) I15 (VP) (LDASTVYAVTGRGDSPASSAASA) I5 M1 I4 K1 (VP);0.04;16;40000000;0.8;1.0;preattached;0.3;1:30:00
11R0G1+3+12D0_random;(LQ) (LDASTVYAVTGRGDSPASSAASA) I10 K1 I3 (VP) (LDASTVYAVTGRGDSPASSAASA) I5 M1 I5 (VP) (LDASTVYAVTGRGDSPASSAASA) K1 I1 K1 I8 K1 I3 (VP) (LDASTVYAVTGRGDSPASSAASA) I5 M1 I5 (VP);0.04;16;40000000;0.8;1.0;preattached;0.3;1:30:00
0R11G13D3+9_random;(LQ) (LDASTVYAVTGRGDSPASSAASA) I14 (VP) (LDASTVYAVTGRGDSPASSAASA) I5 M1 I4 K1 (VP) (LDASTVYAVTGRGDSPASSAASA) I12 K1 I2 (VP) (LDASTVYAVTGRGDSPASSAASA) I2 K1 I2 M1 I2 K1 I2 (VP);0.04;16;40000000;0.8;1.0;preattached;0.3;1:30:00
13R0G2+13+15D0_random;(LQ) (LDASTVYAVTGRGDSPASSAASA) I12 K1 I1 (VP) (LDASTVYAVTGRGDSPASSAASA) I5 M1 I5 (VP) (LDASTVYAVTGRGDSPASSAASA) I1 K1 I10 K1 I1 K1 (VP) (LDASTVYAVTGRGDSPASSAASA) I5 M1 I5 (VP);0.04;16;40000000;0.8;1.0;preattached;0.3;1:30:00
2+4R0G0D8+10_random;(LQ) (LDASTVYAVTGRGDSPASSAASA) I1 K1 I1 K1 I10 (VP) (LDASTVYAVTGRGDSPASSAASA) I5 M1 I5 (VP) (LDASTVYAVTGRGDSPASSAASA) I15 (VP) (LDASTVYAVTGRGDSPASSAASA) I5 M1 I1 K1 I1 K1 I1 (VP);0.04;16;40000000;0.8;1.0;preattached;0.3;1:30:00
0R0G8D7+8+10_random;(LQ) (LDASTVYAVTGRGDSPASSAASA) I14 (VP) (LDASTVYAVTGRGDSPASSAASA) I5 M1 I5 (VP) (LDASTVYAVTGRGDSPASSAASA) I7 K1 I7 (VP) (LDASTVYAVTGRGDSPASSAASA) I5 M1 K2 I1 K1 I1 (VP);0.04;16;40000000;0.8;1.0;preattached;0.3;1:30:00
13R0G0D1+3+10_random;(LQ) (LDASTVYAVTGRGDSPASSAASA) I12 K1 I1 (VP) (LDASTVYAVTGRGDSPASSAASA) I5 M1 I5 (VP) (LDASTVYAVTGRGDSPASSAASA) I15 (VP) (LDASTVYAVTGRGDSPASSAASA) K1 I1 K1 I2 M1 I3 K1 I1 (VP);0.04;16;40000000;0.8;1.0;preattached;0.3;1:30:00
10R0G9D1+9_random;(LQ) (LDASTVYAVTGRGDSPASSAASA) I9 K1 I4 (VP) (LDASTVYAVTGRGDSPASSAASA) I5 M1 I5 (VP) (LDASTVYAVTGRGDSPASSAASA) I8 K1 I6 (VP) (LDASTVYAVTGRGDSPASSAASA) K1 I4 M1 I2 K1 I2 (VP);0.04;16;40000000;0.8;1.0;preattached;0.3;1:30:00
2+7R0G13D2_random;(LQ) (LDASTVYAVTGRGDSPASSAASA) I1 K1 I4 K1 I7 (VP) (LDASTVYAVTGRGDSPASSAASA) I5 M1 I5 (VP) (LDASTVYAVTGRGDSPASSAASA) I12 K1 I2 (VP) (LDASTVYAVTGRGDSPASSAASA) I1 K1 I3 M1 I5 (VP);0.04;16;40000000;0.8;1.0;preattached;0.3;1:30:00
7+9R0G3D5_random;(LQ) (LDASTVYAVTGRGDSPASSAASA) I6 K1 I1 K1 I5 (VP) (LDASTVYAVTGRGDSPASSAASA) I5 M1 I5 (VP) (LDASTVYAVTGRGDSPASSAASA) I2 K1 I12 (VP) (LDASTVYAVTGRGDSPASSAASA) I4 K1 M1 I5 (VP);0.04;16;40000000;0.8;1.0;preattached;0.3;1:30:00