Name ;Sequence;concentration;nmolecules;steps;crosslink distance;crosslink prob;mode;preattached fraction;walltime
10R8G2D3_random;(LQ) (LDASTVYAVTGRGDSPASSAASA) I9 K1 I4 (VP) (LDASTVYAVTGRGDSPASSAASA) I5 M1 I1 K1 I3 (VP) (LDASTVYAVTGRGDSPASSAASA) I1 K1 I13 (VP) (LDASTVYAVTGRGDSPASSAASA) I2 K1 I2 M1 I5 (VP);0.04;16;40000000;0.8;1.0;preattached;0.3;1:30:00
4+5+7R0G11D0_random;(LQ) (LDASTVYAVTGRGDSPASSAASA) I3 K2 I1 K1 I7 (VP) (LDASTVYAVTGRGDSPASSAASA) I5 M1 I5 (VP) (LDASTVYAVTGRGDSPASSAASA) I10 K1 I4 (VP) (LDASTVYAVTGRGDSPASSAASA) I5 M1 I5 (VP);0.04;16;40000000;0.8;1.0;preattached;0.3;1:30:00
4R11G9+14D0_random;(LQ) (LDASTVYAVTGRGDSPASSAASA) I3 K1 I10 (VP) (LDASTVYAVTGRGDSPASSAASA) I5 M1 I4 K1 (VP) (LDASTVYAVTGRGDSPASSAASA) I8 K1 I4 K1 I1 (VP) (LDASTVYAVTGRGDSPASSAASA) I5 M1 I5 (VP);0.04;16;40000000;0.8;1.0;preattached;0.3;1:30:00
3+6+14R0G4D0_random;(LQ) (LDASTVYAVTGRGDSPASSAASA) I2 K1 I2 K1 I7 K1 (VP) (LDASTVYAVTGRGDSPASSAASA) I5 M1 I5 (VP) (LDASTVYAVTGRGDSPASSAASA) I3 K1 I11 (VP) (LDASTVYAVTGRGDSPASSAASA) I5 M1 I5 (VP);0.04;16;40000000;0.8;1.0;preattached;0.3;1:30:00
5+6R2G3D0_random;(LQ) (LDASTVYAVTGRGDSPASSAASA) I4 K2 I8 (VP) (LDASTVYAVTGRGDSPASSAASA) I1 K1 I3 M1 I5 (VP) (LDASTVYAVTGRGDSPASSAASA) I2 K1 I12 (VP) (LDASTVYAVTGRGDSPASSAASA) I5 M1 I5 (VP);0.04;16;40000000;0.8;1.0;preattached;0.3;1:30:00
4R0G4+12+13D0_random;(LQ) (LDASTVYAVTGRGDSPASSAASA) I3 K1 I10 (VP) (LDASTVYAVTGRGDSPASSAASA) I5 M1 I5 (VP) (LDASTVYAVTGRGDSPASSAASA) I3 K1 I7 K2 I2 (VP) (LDASTVYAVTGRGDSPASSAASA) I5 M1 I5 (VP);0.04;16;40000000;0.8;1.0;preattached;0.3;1:30:00
8R1G14D2_random;(LQ) (LDASTVYAVTGRGDSPASSAASA) I7 K1 I6 (VP) (LDASTVYAVTGRGDSPASSAASA) K1 I4 M1 I5 (VP) (LDASTVYAVTGRGDSPASSAASA) I13 K1 I1 (VP) (LDASTVYAVTGRGDSPASSAASA) I1 K1 I3 M1 I5 (VP);0.04;16;40000000;0.8;1.0;preattached;0.3;1:30:00
4R0G2+13+14D0_random;(LQ) (LDASTVYAVTGRGDSPASSAASA) I3 K1 I10 (VP) (LDASTVYAVTGRGDSPASSAASA) I5 M1 I5 (VP) (LDASTVYAVTGRGDSPASSAASA) I1 K1 I10 K2 I1 (VP) (LDASTVYAVTGRGDSPASSAASA) I5 M1 I5 (VP);0.04;16;40000000;0.8;1.0;preattached;0.3;1:30:00
3+4R1G12D0_random;(LQ) (LDASTVYAVTGRGDSPASSAASA) I2 K2 I10 (VP) (LDASTVYAVTGRGDSPASSAASA) K1 I4 M1 I5 (VP) (LDASTVYAVTGRGDSPASSAASA) I11 K1 I3 (VP) (LDASTVYAVTGRGDSPASSAASA) I5 M1 I5 (VP);0.04;16;40000000;0.8;1.0;preattached;0.3;1:30:00
9+10R5G3D0_random;(LQ) (LDASTVYAVTGRGDSPASSAASA) I8 K2 I4 (VP) (LDASTVYAVTGRGDSPASSAASA) I4 K1 M1 I5 (VP) (LDASTVYAVTGRGDSPASSAASA) I2 K1 I12 (VP) (LDASTVYAVTGRGDSPASSAASA) I5 M1 I5 (VP);0.04;16;40000000;0.8;1.0;preattached;0.3;1:30:00
8R7G11+13D0_random;(LQ) (LDASTVYAVTGRGDSPASSAASA) I7 K1 I6 (VP) (LDASTVYAVTGRGDSPASSAASA) I5 M1 K1 I4 (VP) (LDASTVYAVTGRGDSPASSAASA) I10 K1 I1 K1 I2 (VP) (LDASTVYAVTGRGDSPASSAASA) I5 M1 I5 (VP);0.04;16;40000000;0.8;1.0;preattached;0.3;1:30:00
7+12R0G12D5_random;(LQ) (LDASTVYAVTGRGDSPASSAASA) I6 K1 I4 K1 I2 (VP) (LDASTVYAVTGRGDSPASSAASA) I5 M1 I5 (VP) (LDASTVYAVTGRGDSPASSAASA) I11 K1 I3 (VP) (LDASTVYAVTGRGDSPASSAASA) I4 K1 M1 I5 (VP);0.04;16;40000000;0.8;1.0;preattached;0.3;1:30:00
13R0G13+14D2_random;(LQ) (LDASTVYAVTGRGDSPASSAASA) I12 K1 I1 (VP) (LDASTVYAVTGRGDSPASSAASA) I5 M1 I5 (VP) (LDASTVYAVTGRGDSPASSAASA) I12 K2 I1 (VP) (LDASTVYAVTGRGDSPASSAASA) I1 K1 I3 M1 I5 (VP);0.04;16;40000000;0.8;1.0;preattached;0.3;1:30:00
7R11G12D8_random;(LQ) (LDASTVYAVTGRGDSPASSAASA) I6 K1 I7 (VP) (LDASTVYAVTGRGDSPASSAASA) I5 M1 I4 K1 (VP) (LDASTVYAVTGRGDSPASSAASA) I11 K1 I3 (VP) (LDASTVYAVTGRGDSPASSAASA) I5 M1 I1 K1 I3 (VP);0.04;16;40000000;0.8;1.0;preattached;0.3;1:30:00
4+5R0G13D1_random;(LQ) (LDASTVYAVTGRGDSPASSAASA) I3 K2 I9 (VP) (LDASTVYAVTGRGDSPASSAASA) I5 M1 I5 (VP) (LDASTVYAVTGRGDSPASSAASA) I12 K1 I2 (VP) (LDASTVYAVTGRGDSPASSAASA) K1 I4 M1 I5 (VP);0.04;16;40000000;0.8;1.0;preattached;0.3;1:30:00
14R0G8+11D5_random;(LQ) (LDASTVYAVTGRGDSPASSAASA) I13 K1 (VP) (LDASTVYAVTGRGDSPASSAASA) I5 M1 I5 (VP) (LDASTVYAVTGRGDSPASSAASA) I7 K1 I2 K1 I4 (VP) (LDASTVYAVTGRGDSPASSAASA) I4 K1 M1 I5 (VP);0.04;16;40000000;0.8;1.0;preattached;0.3;1:30:00
0R8G4+6+14D0_random;(LQ) (LDASTVYAVTGRGDSPASSAASA) I14 (VP) (LDASTVYAVTGRGDSPASSAASA) I5 M1 I1 K1 I3 (VP) (LDASTVYAVTGRGDSPASSAASA) I3 K1 I1 K1 I7 K1 I1 (VP) (LDASTVYAVTGRGDSPASSAASA) I5 M1 I5 (VP);0.04;16;40000000;0.8;1.0;preattached;0.3;1:30:00
0R2+7+11G6D0_random;(LQ) (LDASTVYAVTGRGDSPASSAASA) I14 (VP) (LDASTVYAVTGRGDSPASSAASA) I1 K1 I3 M1 K1 I3 K1 (VP) (LDASTVYAVTGRGDSPASSAASA) I5 K1 I9 (VP) (LDASTVYAVTGRGDSPASSAASA) I5 M1 I5 (VP);0.04;16;40000000;0.8;1.0;preattached;0.3;1:30:00
6+12R2G0D7_random;(LQ) (LDASTVYAVTGRGDSPASSAASA) I5 K1 I5 K1 I2 (VP) (LDASTVYAVTGRGDSPASSAASA) I1 K1 I3 M1 I5 (VP) (LDASTVYAVTGRGDSPASSAASA) I15 (VP) (LDASTVYAVTGRGDSPASSAASA) I5 M1 K1 I4 (VP);0.04;16;40000000;0.8;1.0;preattached;0.3;1:30:00
0R7G8+10+13D0_random;(LQ) (LDASTVYAVTGRGDSPASSAASA) I14 (VP) (LDASTVYAVTGRGDSPASSAASA) I5 M1 K1 I4 (VP) (LDASTVYAVTGRGDSPASSAASA) I7 K1 I1 K1 I2 K1 I2 (VP) (LDASTVYAVTGRGDSPASSAASA) I5 M1 I5 (VP);0.04;16;40000000;0.8;1.0;preattached;0.3;1:30:00