run,copy_starts,copies_at_chain_end,rgd_nm2,rgd_sem_nm2,rgd_exposed_frac,motif_23mer_nm2,motif_23mer_sem_nm2,motif_23mer_exposed_frac,rgd_free_nm2,motif_23mer_free_nm2
01-orig,5 100 180 275,1,12.0831,0.0498,0.4554,80.9887,0.1489,0.4158,26.5306,194.7656
02-even,5 90 180 265,1,12.1589,0.0417,0.4583,81.1334,0.1763,0.4166,26.5306,194.7656
03-even-inset,30 115 200 285,0,12.1105,0.0406,0.4565,80.8868,0.1486,0.4153,26.5306,194.7656
04-thirds,5 110 220 330,2,12.1509,0.0421,0.4580,81.7884,0.1764,0.4199,26.5306,194.7656
05-wide,5 115 225 330,2,12.1261,0.0414,0.4571,81.8426,0.1515,0.4202,26.5306,194.7656
06-offset-even,45 130 215 300,0,12.1349,0.0405,0.4574,80.9645,0.1500,0.4157,26.5306,194.7656
07-all-nterm,5 35 65 95,1,12.1953,0.0478,0.4597,81.4833,0.1627,0.4184,26.5306,194.7656
08-all-cterm,240 270 300 330,1,12.1268,0.0434,0.4571,81.8872,0.1618,0.4204,26.5306,194.7656
09-all-mid,125 155 185 215,0,12.1576,0.0466,0.4582,81.2433,0.1666,0.4171,26.5306,194.7656
10-clust-q1,55 85 115 145,0,12.1156,0.0414,0.4567,80.7990,0.1777,0.4149,26.5306,194.7656
11-clust-q3,190 220 250 280,0,12.1632,0.0422,0.4585,81.2509,0.1644,0.4172,26.5306,194.7656
12-tight-n,5 45 85 125,1,12.2193,0.0396,0.4606,81.4089,0.1713,0.4180,26.5306,194.7656
13-tight-mid,115 155 195 235,0,12.0761,0.0495,0.4552,80.9799,0.1758,0.4158,26.5306,194.7656
14-tight-c,210 250 290 330,1,12.1497,0.0388,0.4579,81.9237,0.1584,0.4206,26.5306,194.7656
15-pairs-ends,5 35 300 330,2,12.1418,0.0526,0.4577,81.9762,0.1903,0.4209,26.5306,194.7656
16-pairs-mid,65 95 240 270,0,12.0919,0.0419,0.4558,80.7305,0.1664,0.4145,26.5306,194.7656
17-pairs-near,105 135 170 200,0,12.1478,0.0477,0.4579,81.1073,0.1673,0.4164,26.5306,194.7656
18-pair-split,5 35 180 210,1,12.1114,0.0484,0.4565,81.1331,0.1663,0.4166,26.5306,194.7656
19-3n-1c,5 35 65 330,2,12.1989,0.0402,0.4598,82.1112,0.1600,0.4216,26.5306,194.7656
20-1n-3c,5 270 300 330,2,12.1521,0.0449,0.4580,81.8488,0.1606,0.4202,26.5306,194.7656
21-n-heavy,5 40 80 230,1,12.1754,0.0467,0.4589,81.4086,0.1540,0.4180,26.5306,194.7656
22-c-heavy,105 255 290 330,1,12.0851,0.0436,0.4555,81.9220,0.1606,0.4206,26.5306,194.7656
23-staircase,15 70 155 300,0,12.1127,0.0431,0.4566,80.9136,0.1596,0.4154,26.5306,194.7656
24-mid-out,95 150 185 240,0,12.1654,0.0429,0.4585,81.0614,0.1719,0.4162,26.5306,194.7656
