design;copy;gap;is_chain_end;grafted_23mer_nm2;grafted_23mer_exposed;grafted_rgd_nm2;grafted_rgd_exposed;grafted_z_nm;grafted_chain_sd_nm2;free_23mer_nm2;free_23mer_exposed;free_rgd_nm2;free_rgd_exposed;delta_23mer_exposed;delta_rgd_exposed
1n-3c;1;0;1;19,425;0,39895;2,8887;0,43552;8,05;0,289;20,318;0,41729;3,0305;0,45691;0,01834;0,02139
1n-3c;2;48;0;19,415;0,39873;2,9013;0,43743;9,212;0,301;20,291;0,41673;3,0185;0,4551;0,018;0,01767
1n-3c;3;49;0;19,509;0,40067;2,9151;0,43951;10,117;0,312;20,306;0,41704;3,0496;0,45979;0,01637;0,02028
1n-3c;4;50;1;20,306;0,41704;2,9409;0,44339;10,601;0,286;21,195;0,43529;3,0673;0,46245;0,01826;0,01906
3n-1c;1;0;1;19,64;0,40336;2,9276;0,4414;10,545;0,328;20,501;0,42103;3,0851;0,46514;0,01767;0,02374
3n-1c;2;1;0;19,508;0,40065;2,9099;0,43873;9,987;0,359;20,282;0,41655;3,0371;0,4579;0,0159;0,01916
3n-1c;3;2;0;19,469;0,39985;2,9076;0,43838;8,893;0,298;20,269;0,41627;3,0541;0,46047;0,01642;0,02209
3n-1c;4;50;1;20,07;0,41219;2,907;0,43828;8,556;0,286;21,171;0,43479;3,0685;0,46264;0,02261;0,02436
all-cterm;1;47;0;19,485;0,40018;2,9107;0,43884;9,767;0,253;20,129;0,4134;3,0223;0,45567;0,01322;0,01683
all-cterm;2;48;0;19,595;0,40244;2,9291;0,44161;10,81;0,249;20,245;0,41578;3,0145;0,4545;0,01334;0,01289
all-cterm;3;49;0;19,641;0,40337;2,9299;0,44173;11,511;0,238;20,312;0,41715;3,0472;0,45942;0,01378;0,01769
all-cterm;4;50;1;20,475;0,42051;2,9637;0,44683;11,861;0,216;21,111;0,43357;3,0569;0,46089;0,01305;0,01407
all-mid;1;24;0;19,386;0,39813;2,8906;0,43581;8,737;0,252;20,336;0,41764;3,0544;0,4605;0,01951;0,0247
all-mid;2;25;0;19,457;0,3996;2,9033;0,43773;8,934;0,199;20,368;0,4183;3,0371;0,4579;0,0187;0,02017
all-mid;3;26;0;19,43;0,39905;2,897;0,43677;8,715;0,236;20,241;0,4157;3,0363;0,45778;0,01665;0,021
all-mid;4;27;0;19,49;0,40027;2,9048;0,43795;8,051;0,221;20,16;0,41404;2,9968;0,45182;0,01376;0,01387
all-nterm;1;0;1;19,686;0,40431;2,9321;0,44207;10,976;0,291;20,457;0,42013;3,0774;0,46398;0,01582;0,02191
all-nterm;2;1;0;19,572;0,40196;2,9193;0,44014;10,461;0,269;20,331;0,41756;3,0275;0,45645;0,0156;0,01632
all-nterm;3;2;0;19,595;0,40244;2,9311;0,44191;9,489;0,19;20,418;0,41934;3,0632;0,46184;0,0169;0,01992
all-nterm;4;3;0;19,503;0,40054;2,9107;0,43885;8,765;0,245;20,191;0,41467;3,0087;0,45363;0,01412;0,01478
c-heavy;1;20;0;19,344;0,39727;2,887;0,43526;7,548;0,222;20,16;0,41403;3,04;0,45835;0,01676;0,02308
c-heavy;2;45;0;19,503;0,40054;2,9091;0,43861;9,976;0,31;20,216;0,41519;3,0233;0,45582;0,01465;0,01721
c-heavy;3;47;0;19,587;0,40226;2,923;0,4407;11,041;0,295;20,216;0,41518;2,9954;0,45162;0,01291;0,01092
c-heavy;4;50;1;20,433;0,41965;2,9571;0,44584;11,584;0,307;21,093;0,43319;3,0299;0,45681;0,01354;0,01097
clust-q1;1;10;0;19,471;0,39989;2,9078;0,43841;9,53;0,243;20,214;0,41515;3,0298;0,4568;0,01525;0,01839
clust-q1;2;11;0;19,484;0,40016;2,903;0,43768;9,616;0,21;20,429;0,41955;3,0648;0,46208;0,01939;0,0244
clust-q1;3;12;0;19,485;0,40018;2,9088;0,43856;9,335;0,236;20,204;0,41495;3,0353;0,45763;0,01477;0,01908
clust-q1;4;13;0;19,459;0,39964;2,9094;0,43864;8,691;0,249;20,212;0,4151;3,0165;0,4548;0,01545;0,01616
clust-q3;1;37;0;19,429;0,39903;2,9017;0,43748;9,339;0,216;20,108;0,41298;3,0063;0,45326;0,01395;0,01578
clust-q3;2;38;0;19,496;0,40039;2,9062;0,43817;9,997;0,23;20,261;0,41612;3,0179;0,45501;0,01573;0,01684
clust-q3;3;39;0;19,548;0,40147;2,9166;0,43974;10,351;0,29;20,303;0,41697;3,0298;0,45681;0,01549;0,01707
clust-q3;4;40;0;19,562;0,40176;2,924;0,44084;10,375;0,286;20,329;0,41751;3,061;0,46151;0,01575;0,02066
even;1;0;1;19,532;0,40113;2,9149;0,43948;9,111;0,261;20,457;0,42014;3,0645;0,46204;0,01901;0,02255
even;2;12;0;19,313;0,39665;2,8795;0,43414;7,783;0,21;20,215;0,41516;3,0531;0,46032;0,01851;0,02618
even;3;25;0;19,294;0,39625;2,8747;0,43341;7,514;0,257;20,152;0,41387;3,0447;0,45904;0,01762;0,02563
even;4;37;0;19,354;0,39748;2,8846;0,43491;8,893;0,322;20,115;0,41311;2,9972;0,45189;0,01563;0,01698
even-inset;1;5;0;19,42;0,39885;2,9002;0,43726;8,704;0,29;20,18;0,41444;3,0306;0,45692;0,0156;0,01966
even-inset;2;17;0;19,461;0,39969;2,9044;0,4379;7,947;0,243;20,262;0,41613;3,0516;0,46008;0,01644;0,02218
even-inset;3;29;0;19,426;0,39896;2,8947;0,43643;8,134;0,245;20,219;0,41524;3,0355;0,45766;0,01628;0,02123
even-inset;4;41;0;19,465;0,39976;2,9022;0,43757;8,916;0,303;20,123;0,41328;2,9961;0,45173;0,01352;0,01416
mid-out;1;18;0;19,326;0,39691;2,8816;0,43445;6,915;0,158;20,222;0,41532;3,0276;0,45646;0,0184;0,02201
mid-out;2;24;0;19,341;0,39722;2,8868;0,43524;8,193;0,253;20,12;0,41322;3,0065;0,45329;0,016;0,01806
mid-out;3;26;0;19,474;0,39994;2,9078;0,4384;8,191;0,253;20,249;0,41587;3,0321;0,45715;0,01592;0,01875
mid-out;4;32;0;19,443;0,39931;2,9021;0,43755;9,585;0,287;20,241;0,4157;3,0207;0,45543;0,01639;0,01788
n-heavy;1;0;1;19,702;0,40464;2,9396;0,44319;11,332;0,302;20,559;0,42223;3,0809;0,46451;0,01759;0,02132
n-heavy;2;2;0;19,564;0,40179;2,9151;0,43951;10,701;0,284;20,36;0,41814;3,0749;0,46361;0,01635;0,02409
n-heavy;3;5;0;19,475;0,39997;2,9046;0,43792;9,913;0,318;20,211;0,41508;3,018;0,45501;0,0151;0,01709
n-heavy;4;30;0;19,28;0,39596;2,8769;0,43374;7,204;0,156;20,16;0,41404;2,9914;0,45101;0,01808;0,01727
offset-even;1;8;0;19,417;0,39878;2,9034;0,43775;7,888;0,242;20,298;0,41688;3,0288;0,45665;0,0181;0,0189
offset-even;2;20;0;19,417;0,39877;2,8997;0,43719;8,777;0,208;20,205;0,41495;3,0329;0,45727;0,01619;0,02008
offset-even;3;32;0;19,458;0,39963;2,9053;0,43803;9,186;0,27;20,171;0,41427;2,9969;0,45184;0,01464;0,01382
offset-even;4;44;0;19,559;0,40169;2,918;0,43995;10,233;0,264;20,343;0,4178;3,0596;0,4613;0,01612;0,02135
orig;1;0;1;19,622;0,40298;2,927;0,44131;9,985;0,251;20,465;0,42031;3,0725;0,46323;0,01733;0,02193
orig;2;14;0;19,455;0,39955;2,9008;0,43735;8,859;0,219;20,153;0,41388;3,0195;0,45524;0,01434;0,01789
orig;3;25;0;19,436;0,39916;2,8986;0,43702;8,249;0,197;20,26;0,41609;3,0395;0,45827;0,01693;0,02125
orig;4;39;0;19,343;0,39725;2,8844;0,43488;7,816;0,309;20,216;0,41519;3,0293;0,45672;0,01794;0,02184
pair-split;1;0;1;19,485;0,40017;2,9008;0,43735;8,691;0,326;20,457;0,42014;3,056;0,46075;0,01997;0,0234
pair-split;2;1;0;19,446;0,39936;2,9001;0,43724;7,766;0,29;20,301;0,41693;3,0231;0,45579;0,01757;0,01855
pair-split;3;25;0;19,366;0,39774;2,8898;0,43569;8,713;0,234;20,217;0,4152;3,027;0,45637;0,01746;0,02068
pair-split;4;26;0;19,437;0,3992;2,9102;0,43877;8,302;0,233;20,201;0,41488;3,0327;0,45724;0,01569;0,01847
pairs-ends;1;0;1;19,515;0,40079;2,9088;0,43856;9,358;0,313;20,39;0,41876;3,0392;0,45821;0,01797;0,01965
pairs-ends;2;1;0;19,425;0,39894;2,9015;0,43746;8,661;0,245;20,282;0,41655;3,0269;0,45636;0,01761;0,0189
pairs-ends;3;49;0;19,399;0,39841;2,8995;0,43715;9,217;0,316;20,168;0,41419;3,0222;0,45566;0,01578;0,0185
pairs-ends;4;50;1;20,24;0,41568;2,9287;0,44156;9,76;0,32;21,143;0,43422;3,0576;0,46099;0,01854;0,01943
pairs-mid;1;12;0;19,358;0,39757;2,8934;0,43624;8,174;0,159;20,138;0,41358;3,0101;0,45382;0,01601;0,01758
pairs-mid;2;13;0;19,353;0,39747;2,8919;0,43601;8,029;0,192;20,073;0,41226;3,0083;0,45356;0,01479;0,01755
pairs-mid;3;37;0;19,399;0,3984;2,8977;0,43688;9,298;0,314;20,187;0,41458;3,0113;0,45401;0,01618;0,01712
pairs-mid;4;38;0;19,45;0,39946;2,9023;0,43758;9,795;0,325;20,264;0,41617;3,0393;0,45823;0,01671;0,02065
pairs-near;1;20;0;19,492;0,40032;2,912;0,43904;9,266;0,167;20,378;0,41852;3,0661;0,46228;0,0182;0,02324
pairs-near;2;21;0;19,5;0,40047;2,9091;0,4386;9,416;0,141;20,351;0,41795;3,0381;0,45806;0,01748;0,01945
pairs-near;3;23;0;19,461;0,39969;2,9045;0,43791;9,175;0,154;20,29;0,41671;3,0256;0,45617;0,01702;0,01826
pairs-near;4;24;0;19,442;0,39928;2,9024;0,43759;8,639;0,202;20,27;0,4163;3,0335;0,45736;0,01702;0,01977
staircase;1;2;0;19,464;0,39975;2,9105;0,43881;8,802;0,297;20,451;0,42002;3,0467;0,45934;0,02028;0,02053
staircase;2;8;0;19,299;0,39635;2,8798;0,43418;8,306;0,294;20,272;0,41634;3,0483;0,45959;0,01999;0,02541
staircase;3;20;0;19,276;0,39587;2,8732;0,43319;7,26;0,219;20,212;0,4151;3,0234;0,45584;0,01923;0,02265
staircase;4;44;0;19,42;0,39884;2,902;0,43753;9,126;0,265;20,205;0,41496;3,013;0,45426;0,01612;0,01673
thirds;1;0;1;19,535;0,4012;2,9169;0,43978;9,273;0,306;20,424;0,41946;3,05;0,45984;0,01826;0,02007
thirds;2;16;0;19,421;0,39887;2,8904;0,43578;7,187;0,206;20,275;0,41641;3,0225;0,4557;0,01754;0,01992
thirds;3;33;0;19,304;0,39646;2,8768;0,43373;8,205;0,257;20,218;0,41522;3,0626;0,46175;0,01876;0,02802
thirds;4;50;1;20,194;0,41473;2,9189;0,44008;9,545;0,294;21,116;0,43366;3,0453;0,45913;0,01893;0,01905
tight-c;1;41;0;19,451;0,39946;2,9025;0,43761;8,481;0,253;20,311;0,41714;3,0035;0,45284;0,01768;0,01523
tight-c;2;44;0;19,527;0,40104;2,908;0,43843;9,739;0,218;20,189;0,41464;3,0073;0,45341;0,0136;0,01498
tight-c;3;47;0;19,558;0,40167;2,9214;0,44045;10,888;0,26;20,345;0,41784;3,0603;0,4614;0,01617;0,02095
tight-c;4;50;1;20,391;0,41878;2,9486;0,44456;11,437;0,285;21,19;0,43518;3,0914;0,46609;0,01641;0,02152
tight-mid;1;22;0;19,38;0,39801;2,8919;0,43601;8,311;0,242;20,226;0,41539;3,0249;0,45606;0,01738;0,02006
tight-mid;2;25;0;19,393;0,39829;2,895;0,43647;8,191;0,242;20,105;0,41291;2,9927;0,45121;0,01463;0,01474
tight-mid;3;28;0;19,524;0,40097;2,9107;0,43884;8,27;0,247;20,241;0,4157;3,0188;0,45515;0,01474;0,01631
tight-mid;4;31;0;19,421;0,39886;2,8998;0,4372;9,271;0,301;20,301;0,41692;3,0498;0,45982;0,01806;0,02261
tight-n;1;0;1;19,77;0,40603;2,9535;0,44529;11,27;0,181;20,529;0,42162;3,0638;0,46193;0,01559;0,01664
tight-n;2;3;0;19,685;0,40429;2,9376;0,4429;10,84;0,125;20,297;0,41685;3,0468;0,45937;0,01256;0,01647
tight-n;3;6;0;19,592;0,40237;2,9311;0,44192;10,745;0,171;20,261;0,41611;3,034;0,45743;0,01374;0,01551
tight-n;4;9;0;19,544;0,40138;2,9145;0,43942;10,229;0,167;20,214;0,41515;3,0371;0,45791;0,01377;0,01849
wide;1;0;1;19,458;0,39962;2,9041;0,43785;7,131;0,233;20,43;0,41958;3,066;0,46226;0,01996;0,02441
wide;2;17;0;19,391;0,39825;2,8918;0,436;7,936;0,213;20,137;0,41356;2,9867;0,4503;0,01532;0,0143
wide;3;34;0;19,477;0,40002;2,9099;0,43873;9,49;0,242;20,185;0,41454;3,0313;0,45703;0,01452;0,0183
wide;4;50;1;20,328;0,41749;2,944;0,44386;10,984;0,249;21,178;0,43495;3,1008;0,46751;0,01747;0,02365
