run,temperature_K,tea,tea_gamma,n_residues,frames_used,ns_used,rg_nm,rg_sem_nm,rg_theta_nm,collapse_fraction
tt-allterm-270k,270.0,on,3.0,357,3571,249.89999999999998,6.148638691257208,0.0966923007287488,3.9678331618151486,0.01148137776533184
tt-allterm-350k,350.0,on,3.0,357,3571,249.89999999999998,5.0161452119005245,0.0439276738391869,3.9678331618151486,0.18566227947353683
tt-orig-270k,270.0,on,3.0,357,3571,249.89999999999998,6.227908466150033,0.09491286818101002,3.9678331618151486,0.01596191542985158
tt-orig-350k,350.0,on,3.0,357,3571,249.89999999999998,5.113733876969961,0.05688841432141833,3.9678331618151486,0.15205824698963877
tt-rgd01-orig-270k,270.0,on,3.0,352,3571,249.89999999999998,6.046590826204931,0.05595820316446892,3.939949238251681,0.014281713805656678
tt-rgd01-orig-350k,350.0,on,3.0,352,3571,249.89999999999998,5.105092990034537,0.08167633357615214,3.939949238251681,0.15849901988238588
tt-rgd02-even-270k,270.0,on,3.0,352,3571,249.89999999999998,6.051482817479724,0.07110784693212095,3.939949238251681,0.01288154578549426
tt-rgd02-even-350k,350.0,on,3.0,352,3571,249.89999999999998,5.187154279787378,0.06980330801952996,3.939949238251681,0.12489498739848783
tt-rgd03-even-inset-270k,270.0,on,3.0,352,3571,249.89999999999998,6.1670819678048865,0.09333516256110859,3.939949238251681,0.016802016241949033
tt-rgd03-even-inset-350k,350.0,on,3.0,352,3571,249.89999999999998,5.1091031426777205,0.06240197281942404,3.939949238251681,0.15373844861383365
tt-rgd04-thirds-270k,270.0,on,3.0,352,3571,249.89999999999998,6.185229294241994,0.08240552532765448,3.939949238251681,0.014281713805656678
tt-rgd04-thirds-350k,350.0,on,3.0,352,3571,249.89999999999998,5.161246775325625,0.08884746839462848,3.939949238251681,0.13805656678801456
tt-rgd05-wide-270k,270.0,on,3.0,352,3571,249.89999999999998,6.184775673752237,0.09621384639532905,3.939949238251681,0.016241949033884068
tt-rgd05-wide-350k,350.0,on,3.0,352,3571,249.89999999999998,5.109984268203433,0.05125466869031919,3.939949238251681,0.15345841500980117
tt-rgd06-offset-even-270k,270.0,on,3.0,352,3571,249.89999999999998,6.241308581999323,0.0894191130193566,3.939949238251681,0.009521142537104453
tt-rgd06-offset-even-350k,350.0,on,3.0,352,3571,249.89999999999998,5.237709461811442,0.054724424880146394,3.939949238251681,0.13105572668720247
tt-rgd07-all-nterm-270k,270.0,on,3.0,352,3571,249.89999999999998,6.158234248806268,0.08141561675008718,3.939949238251681,0.016802016241949033
tt-rgd07-all-nterm-350k,350.0,on,3.0,352,3571,249.89999999999998,5.176945283665973,0.06816618160347658,3.939949238251681,0.13245589470736488
tt-rgd08-all-cterm-270k,270.0,on,3.0,352,3571,249.89999999999998,6.060325911304791,0.06132180957467776,3.939949238251681,0.01708204984598152
tt-rgd08-all-cterm-350k,350.0,on,3.0,352,3571,249.89999999999998,5.038653765817011,0.0541120768371718,3.939949238251681,0.1635396247549706
tt-rgd09-all-mid-270k,270.0,on,3.0,352,3571,249.89999999999998,6.09576569917455,0.07022586802201956,3.939949238251681,0.02296275553066368
tt-rgd09-all-mid-350k,350.0,on,3.0,352,3571,249.89999999999998,5.1541399071511025,0.05241810846194247,3.939949238251681,0.14981797815737888
tt-rgd10-clust-q1-270k,270.0,on,3.0,352,3571,249.89999999999998,6.1149786299398645,0.061046645885827436,3.939949238251681,0.014561747409689163
tt-rgd10-clust-q1-350k,350.0,on,3.0,352,3571,249.89999999999998,5.108336949782424,0.07951289603774879,3.939949238251681,0.16269952394287315
tt-rgd11-clust-q3-270k,270.0,on,3.0,352,3571,249.89999999999998,6.072372441116883,0.07222557167691765,3.939949238251681,0.016802016241949033
tt-rgd11-clust-q3-350k,350.0,on,3.0,352,3571,249.89999999999998,5.137482700278465,0.055868150917797565,3.939949238251681,0.14197703724446933
tt-rgd12-tight-n-270k,270.0,on,3.0,352,3571,249.89999999999998,6.202860389053571,0.07457108250185543,3.939949238251681,0.016241949033884068
tt-rgd12-tight-n-350k,350.0,on,3.0,352,3571,249.89999999999998,5.162404290089517,0.05605318043486939,3.939949238251681,0.14897787734528142
tt-rgd13-tight-mid-270k,270.0,on,3.0,352,3571,249.89999999999998,6.154692115773008,0.051283949730600895,3.939949238251681,0.014841781013721647
tt-rgd13-tight-mid-350k,350.0,on,3.0,352,3571,249.89999999999998,5.215620879891939,0.0747753474182967,3.939949238251681,0.15261831419770372
tt-rgd14-tight-c-270k,270.0,on,3.0,352,3571,249.89999999999998,6.103628505374563,0.0699863591939115,3.939949238251681,0.017362083450014002
tt-rgd14-tight-c-350k,350.0,on,3.0,352,3571,249.89999999999998,5.135513987256778,0.0747260019542756,3.939949238251681,0.14197703724446933
tt-rgd15-pairs-ends-270k,270.0,on,3.0,352,3571,249.89999999999998,6.126325102554787,0.07564901162925335,3.939949238251681,0.016241949033884068
tt-rgd15-pairs-ends-350k,350.0,on,3.0,352,3571,249.89999999999998,5.083093918207746,0.059594546460396455,3.939949238251681,0.1719406328759451
tt-rgd16-pairs-mid-270k,270.0,on,3.0,352,3571,249.89999999999998,6.1509074955419205,0.03371508627316334,3.939949238251681,0.01148137776533184
tt-rgd16-pairs-mid-350k,350.0,on,3.0,352,3571,249.89999999999998,5.192195134628924,0.06637923217502316,3.939949238251681,0.12657518902268272
tt-rgd17-pairs-near-270k,270.0,on,3.0,352,3571,249.89999999999998,6.08644005768241,0.09515463539956341,3.939949238251681,0.01708204984598152
tt-rgd17-pairs-near-350k,350.0,on,3.0,352,3571,249.89999999999998,5.269214323220618,0.055312256251650024,3.939949238251681,0.13497619714365724
tt-rgd18-pair-split-270k,270.0,on,3.0,352,3571,249.89999999999998,6.016863170614165,0.06382568538794466,3.939949238251681,0.01792215065807897
tt-rgd18-pair-split-350k,350.0,on,3.0,352,3571,249.89999999999998,5.1357323752568576,0.08827694993652103,3.939949238251681,0.15373844861383365
tt-rgd19-3n-1c-270k,270.0,on,3.0,352,3571,249.89999999999998,6.1636285905242465,0.07249625214581493,3.939949238251681,0.012601512181461775
tt-rgd19-3n-1c-350k,350.0,on,3.0,352,3571,249.89999999999998,5.000019277574236,0.06835876475181803,3.939949238251681,0.1705404648557827
tt-rgd20-1n-3c-270k,270.0,on,3.0,352,3571,249.89999999999998,6.069803403813243,0.051016085035751016,3.939949238251681,0.018762251470176423
tt-rgd20-1n-3c-350k,350.0,on,3.0,352,3571,249.89999999999998,5.108318318922759,0.04291252356519579,3.939949238251681,0.14309717166059926
tt-rgd21-n-heavy-270k,270.0,on,3.0,352,3571,249.89999999999998,6.209101050576386,0.09428117599508863,3.939949238251681,0.010361243349201904
tt-rgd21-n-heavy-350k,350.0,on,3.0,352,3571,249.89999999999998,5.179110117527458,0.07960783571754212,3.939949238251681,0.13665639876785216
tt-rgd22-c-heavy-270k,270.0,on,3.0,352,3571,249.89999999999998,6.124285052664572,0.07506821813257986,3.939949238251681,0.020442453094371326
tt-rgd22-c-heavy-350k,350.0,on,3.0,352,3571,249.89999999999998,5.127181730695012,0.057361645356063945,3.939949238251681,0.15177821338560626
tt-rgd23-staircase-270k,270.0,on,3.0,352,3571,249.89999999999998,5.951927907938919,0.0499775446267478,3.939949238251681,0.018762251470176423
tt-rgd23-staircase-350k,350.0,on,3.0,352,3571,249.89999999999998,5.23023060157966,0.05016530972278204,3.939949238251681,0.12573508821058527
tt-rgd24-mid-out-270k,270.0,on,3.0,352,3571,249.89999999999998,6.066608708193908,0.06459974665727714,3.939949238251681,0.0156818818258191
tt-rgd24-mid-out-350k,350.0,on,3.0,352,3571,249.89999999999998,5.229556825787906,0.04914150206614764,3.939949238251681,0.13133576029123495
tt-vpgig-270k,270.0,on,3.0,357,6428,449.89,6.162502059924654,0.05632980810536332,3.9678331618151486,0.011978842563783447
tt-vpgig-350k,350.0,on,3.0,357,6428,449.89,4.863759656329294,0.05043931410070733,3.9678331618151486,0.24004355942750466
