sequence,kind,rg_270_nm,rg_270_sem,collapsed_270,rg_350_nm,rg_350_sem,collapsed_350,d_rg_nm,d_rg_sem_nm,sigma,verdict
allterm,designed,6.1486,0.0967,0.0115,5.0161,0.0439,0.1857,-1.1325,0.1062,10.7,LCST
orig,designed,6.2279,0.0949,0.016,5.1137,0.0569,0.1521,-1.1142,0.1107,10.1,LCST
rgd01-orig,arrangement,6.0466,0.056,0.0143,5.1051,0.0817,0.1585,-0.9415,0.099,9.5,LCST
rgd02-even,arrangement,6.0515,0.0711,0.0129,5.1872,0.0698,0.1249,-0.8643,0.0996,8.7,LCST
rgd03-even-inset,arrangement,6.1671,0.0933,0.0168,5.1091,0.0624,0.1537,-1.058,0.1123,9.4,LCST
rgd04-thirds,arrangement,6.1852,0.0824,0.0143,5.1612,0.0888,0.1381,-1.024,0.1212,8.5,LCST
rgd05-wide,arrangement,6.1848,0.0962,0.0162,5.11,0.0513,0.1535,-1.0748,0.109,9.9,LCST
rgd06-offset-even,arrangement,6.2413,0.0894,0.0095,5.2377,0.0547,0.1311,-1.0036,0.1048,9.6,LCST
rgd07-all-nterm,arrangement,6.1582,0.0814,0.0168,5.1769,0.0682,0.1325,-0.9813,0.1062,9.2,LCST
rgd08-all-cterm,arrangement,6.0603,0.0613,0.0171,5.0387,0.0541,0.1635,-1.0217,0.0818,12.5,LCST
rgd09-all-mid,arrangement,6.0958,0.0702,0.023,5.1541,0.0524,0.1498,-0.9416,0.0876,10.7,LCST
rgd10-clust-q1,arrangement,6.115,0.061,0.0146,5.1083,0.0795,0.1627,-1.0066,0.1002,10.0,LCST
rgd11-clust-q3,arrangement,6.0724,0.0722,0.0168,5.1375,0.0559,0.142,-0.9349,0.0913,10.2,LCST
rgd12-tight-n,arrangement,6.2029,0.0746,0.0162,5.1624,0.0561,0.149,-1.0405,0.0933,11.2,LCST
rgd13-tight-mid,arrangement,6.1547,0.0513,0.0148,5.2156,0.0748,0.1526,-0.9391,0.0907,10.4,LCST
rgd14-tight-c,arrangement,6.1036,0.07,0.0174,5.1355,0.0747,0.142,-0.9681,0.1024,9.5,LCST
rgd15-pairs-ends,arrangement,6.1263,0.0756,0.0162,5.0831,0.0596,0.1719,-1.0432,0.0963,10.8,LCST
rgd16-pairs-mid,arrangement,6.1509,0.0337,0.0115,5.1922,0.0664,0.1266,-0.9587,0.0745,12.9,LCST
rgd17-pairs-near,arrangement,6.0864,0.0952,0.0171,5.2692,0.0553,0.135,-0.8172,0.1101,7.4,LCST
rgd18-pair-split,arrangement,6.0169,0.0638,0.0179,5.1357,0.0883,0.1537,-0.8811,0.1089,8.1,LCST
rgd19-3n-1c,arrangement,6.1636,0.0725,0.0126,5.0,0.0684,0.1705,-1.1636,0.0996,11.7,LCST
rgd20-1n-3c,arrangement,6.0698,0.051,0.0188,5.1083,0.0429,0.1431,-0.9615,0.0667,14.4,LCST
rgd21-n-heavy,arrangement,6.2091,0.0943,0.0104,5.1791,0.0796,0.1367,-1.03,0.1234,8.3,LCST
rgd22-c-heavy,arrangement,6.1243,0.0751,0.0204,5.1272,0.0574,0.1518,-0.9971,0.0945,10.6,LCST
rgd23-staircase,arrangement,5.9519,0.05,0.0188,5.2302,0.0502,0.1257,-0.7217,0.0708,10.2,LCST
rgd24-mid-out,arrangement,6.0666,0.0646,0.0157,5.2296,0.0491,0.1313,-0.8371,0.0812,10.3,LCST
vpgig,designed,6.1625,0.0563,0.012,4.8638,0.0504,0.24,-1.2987,0.0756,17.2,LCST
