group,kappa,r,fit_mae
Ala,-0.103,-0.887,0.008
Val/Pro,-0.119,-0.970,0.008
Leu,-0.178,-0.957,0.015
Ile,-0.170,-0.951,0.017
Met,-0.120,-0.996,0.004
Phe,-0.100,-0.997,0.003
Cys,-0.054,-0.893,0.006
Tyr,-0.039,-0.955,0.006
Trp,-0.039,-0.971,0.006
Ser,0.003,0.489,0.002
Thr,-0.009,-0.735,0.004
Asn,-0.002,-0.134,0.006
Gln,-0.009,-0.859,0.003
His,0.001,0.139,0.006
Backbone/Gly,-0.004,-0.628,0.002
Arg,-0.014,-0.944,0.005
Arg(charmm36),0.059,0.976,0.012
Lys,-0.007,-0.712,0.006
Asp,-0.002,-0.329,0.010
Glu,0.001,0.201,0.009
